{
	"tags": null,
	"position": [
		0.00007262826693477109,
		-0.142793670296669,
		0.18014861643314362
	],
	"rotation": [
		0,
		0,
		0
	],
	"rotationQuaternion": [
		0,
		0,
		1,
		0
	],
	"scaling": [
		1.0000001192092896,
		1.0000001192092896,
		1.0000001192092896
	],
	"billboardMode": 0,
	"scalingDeterminant": 1,
	"infiniteDistance": false,
	"ignoreNonUniformScaling": false,
	"reIntegrateRotationIntoRotationQuaternion": false,
	"name": "explode",
	"id": "7ca12dd2-394e-45a3-a270-f57cfb5ab193",
	"state": "",
	"metadata": {},
	"type": "TransformNode",
	"uniqueId": 35,
	"parentId": "2b848b12-fec7-46d7-8728-a880509701c3",
	"localMatrix": {
		"0": 1,
		"1": 0,
		"2": 0,
		"3": 0,
		"4": 0,
		"5": 1,
		"6": 0,
		"7": 0,
		"8": 0,
		"9": 0,
		"10": 1,
		"11": 0,
		"12": 0,
		"13": 0,
		"14": 0,
		"15": 1
	},
	"isEnabled": true
}