{
	"tags": null,
	"position": [
		0,
		0,
		-0.005512869916856289
	],
	"rotation": [
		0,
		0,
		0
	],
	"rotationQuaternion": [
		-0.6047412753105164,
		-0.31057387590408325,
		-0.2957010567188263,
		0.6711130738258362
	],
	"scaling": [
		1,
		1,
		1
	],
	"billboardMode": 0,
	"scalingDeterminant": 1,
	"infiniteDistance": false,
	"ignoreNonUniformScaling": false,
	"reIntegrateRotationIntoRotationQuaternion": false,
	"name": "Bone.001",
	"id": "35932013-e4ae-4fbe-8b40-554b1a2299ce",
	"state": "",
	"metadata": {},
	"type": "TransformNode",
	"uniqueId": 219,
	"parentId": "e04184bf-cc12-4ddf-bb9c-b12159cf6c55",
	"localMatrix": {
		"0": 1,
		"1": 0,
		"2": 0,
		"3": 0,
		"4": 0,
		"5": 1,
		"6": 0,
		"7": 0,
		"8": 0,
		"9": 0,
		"10": 1,
		"11": 0,
		"12": 0,
		"13": 0,
		"14": 0,
		"15": 1
	},
	"isEnabled": true
}