{
	"tags": null,
	"position": [
		0.00003492360337986611,
		0,
		0
	],
	"rotation": [
		0,
		0,
		0
	],
	"rotationQuaternion": [
		0,
		-1,
		0,
		-4.371146999915254e-8
	],
	"scaling": [
		2.9818239212036133,
		2.9818222522735596,
		2.9818243980407715
	],
	"billboardMode": 0,
	"scalingDeterminant": 1,
	"infiniteDistance": false,
	"ignoreNonUniformScaling": false,
	"reIntegrateRotationIntoRotationQuaternion": false,
	"name": "DRON DL-3.001",
	"id": "1e260e7e-19b2-41f0-9318-38edd237d7a0",
	"state": "",
	"metadata": {},
	"type": "TransformNode",
	"uniqueId": 245,
	"parentId": "ee12faf4-3327-40d8-9278-7993a03e7b8f",
	"localMatrix": {
		"0": 1,
		"1": 0,
		"2": 0,
		"3": 0,
		"4": 0,
		"5": 1,
		"6": 0,
		"7": 0,
		"8": 0,
		"9": 0,
		"10": 1,
		"11": 0,
		"12": 0,
		"13": 0,
		"14": 0,
		"15": 1
	},
	"isEnabled": true
}