{
	"tags": null,
	"position": [
		0.0005075797671452165,
		0.000025408347937627696,
		-0.004274604842066765
	],
	"rotation": [
		0,
		0,
		0
	],
	"rotationQuaternion": [
		0.06302209943532942,
		0.06302207708358763,
		0.704292595386505,
		0.7042928338050841
	],
	"scaling": [
		1,
		1,
		1.0000001192092896
	],
	"billboardMode": 0,
	"scalingDeterminant": 1,
	"infiniteDistance": false,
	"ignoreNonUniformScaling": false,
	"reIntegrateRotationIntoRotationQuaternion": false,
	"name": "FrontLeg",
	"id": "d56d8999-1537-4efa-ad8a-4a545c5ecceb",
	"state": "",
	"metadata": {},
	"type": "TransformNode",
	"uniqueId": 195,
	"parentId": "dc18e5c3-3d79-4e94-8d7a-0c50772999d6",
	"localMatrix": {
		"0": 1,
		"1": 0,
		"2": 0,
		"3": 0,
		"4": 0,
		"5": 1,
		"6": 0,
		"7": 0,
		"8": 0,
		"9": 0,
		"10": 1,
		"11": 0,
		"12": 0,
		"13": 0,
		"14": 0,
		"15": 1
	},
	"isEnabled": true
}