{
	"tags": null,
	"position": [
		0,
		0,
		-0.0016380506567656994
	],
	"rotation": [
		0,
		0,
		0
	],
	"rotationQuaternion": [
		0.008892077952623367,
		0,
		1.0853817400402477e-7,
		0.9999604821205139
	],
	"scaling": [
		1.0000001192092896,
		1,
		1
	],
	"billboardMode": 0,
	"scalingDeterminant": 1,
	"infiniteDistance": false,
	"ignoreNonUniformScaling": false,
	"reIntegrateRotationIntoRotationQuaternion": false,
	"name": "RightLeg_1",
	"id": "9e4241c8-3fcd-4c61-8be6-4409fc91e59a",
	"state": "",
	"metadata": {},
	"type": "TransformNode",
	"uniqueId": 259,
	"parentId": "0ce59cf1-79ba-40f9-927f-0a66d15f3c4c",
	"localMatrix": {
		"0": 1,
		"1": 0,
		"2": 0,
		"3": 0,
		"4": 0,
		"5": 1,
		"6": 0,
		"7": 0,
		"8": 0,
		"9": 0,
		"10": 1,
		"11": 0,
		"12": 0,
		"13": 0,
		"14": 0,
		"15": 1
	},
	"isEnabled": true
}