{
	"tags": null,
	"position": [
		0,
		0,
		-0.00311293825507164
	],
	"rotation": [
		0,
		0,
		0
	],
	"rotationQuaternion": [
		-0.5818653106689453,
		-0.1175711378455162,
		-0.08548803627490997,
		0.8001884818077087
	],
	"scaling": [
		0.9999997615814209,
		0.9999997615814209,
		1
	],
	"billboardMode": 0,
	"scalingDeterminant": 1,
	"infiniteDistance": false,
	"ignoreNonUniformScaling": false,
	"reIntegrateRotationIntoRotationQuaternion": false,
	"name": "RightLeg_2",
	"id": "0ce59cf1-79ba-40f9-927f-0a66d15f3c4c",
	"state": "",
	"metadata": {},
	"type": "TransformNode",
	"uniqueId": 256,
	"parentId": "38a707ae-3b21-4f71-9353-3ec7d951c971",
	"localMatrix": {
		"0": 1,
		"1": 0,
		"2": 0,
		"3": 0,
		"4": 0,
		"5": 1,
		"6": 0,
		"7": 0,
		"8": 0,
		"9": 0,
		"10": 1,
		"11": 0,
		"12": 0,
		"13": 0,
		"14": 0,
		"15": 1
	},
	"isEnabled": true
}