{
	"tags": null,
	"position": [
		0,
		0,
		-0.002879005391150713
	],
	"rotation": [
		0,
		0,
		0
	],
	"rotationQuaternion": [
		0.020427444949746132,
		0.6092215180397034,
		0.7915395498275757,
		0.04355473816394806
	],
	"scaling": [
		1.0000001192092896,
		1,
		1.0000001192092896
	],
	"billboardMode": 0,
	"scalingDeterminant": 1,
	"infiniteDistance": false,
	"ignoreNonUniformScaling": false,
	"reIntegrateRotationIntoRotationQuaternion": false,
	"name": "wing rotation X2 right ",
	"id": "177ff790-4123-49d0-9e1f-df2fefb65143",
	"state": "",
	"metadata": {},
	"type": "TransformNode",
	"uniqueId": 238,
	"parentId": "fdbd41e9-d0a8-4faa-93fa-a6fc18d14497",
	"localMatrix": {
		"0": 1,
		"1": 0,
		"2": 0,
		"3": 0,
		"4": 0,
		"5": 1,
		"6": 0,
		"7": 0,
		"8": 0,
		"9": 0,
		"10": 1,
		"11": 0,
		"12": 0,
		"13": 0,
		"14": 0,
		"15": 1
	},
	"isEnabled": true
}