{
	"materials": [],
	"meshes": [
		{
			"name": "gate_valve_body_lower_02",
			"id": "a6a64ea2-835e-4073-982c-596c5d0b4d8e",
			"uniqueId": 43,
			"type": "Mesh",
			"position": [
				0.00003889505,
				0.02000688,
				-0.120598525
			],
			"rotationQuaternion": [
				-1,
				7.54978444e-8,
				-1.50995817e-7,
				3.13916473e-7
			],
			"scaling": [
				1.00000012,
				1.00000012,
				1.00000012
			],
			"localMatrix": {
				"0": 1,
				"1": 0,
				"2": 0,
				"3": 0,
				"4": 0,
				"5": 1,
				"6": 0,
				"7": 0,
				"8": 0,
				"9": 0,
				"10": 1,
				"11": 0,
				"12": 0,
				"13": 0,
				"14": 0,
				"15": 1
			},
			"isEnabled": true,
			"isVisible": true,
			"infiniteDistance": false,
			"pickable": true,
			"receiveShadows": false,
			"billboardMode": 0,
			"visibility": 1,
			"checkCollisions": false,
			"isBlocker": false,
			"overrideMaterialSideOrientation": 0,
			"parentId": "7ca12dd2-394e-45a3-a270-f57cfb5ab193",
			"isUnIndexed": false,
			"geometryId": "81b45525-33f8-40ee-bcb2-d5a1e89699ea",
			"subMeshes": null,
			"materialId": "ba67f4f6-5ba4-42d1-be79-e3dbb3691979",
			"metadata": {
				"gltf": {
					"extras": {
						"paramrenderwidth": 2048,
						"paramrenderheight": 2048,
						"paramfacecolor": [
							0.7058824,
							0.20784314,
							0.09019608
						],
						"paramedgecolor": [
							1,
							0.7764706,
							0
						],
						"paramedgewidth": 1
					}
				},
				"basePoseMatrix": {
					"0": 0.9999997615814209,
					"1": -2.3841833751703234e-7,
					"2": 3.0199166189959215e-7,
					"3": 0,
					"4": 2.3841850804728892e-7,
					"5": 0.9999997615814209,
					"6": -6.278327191466815e-7,
					"7": 0,
					"8": 3.01991519791045e-7,
					"9": -6.278328328335192e-7,
					"10": -0.9999997615814209,
					"11": 0,
					"12": 0.000033752286981325597,
					"13": 0.16280055046081543,
					"14": 0.0595499612390995,
					"15": 1
				},
				"originalSourceFile": {
					"id": "gate_valve_body_lower_02",
					"name": "gate_valve_body_lower_02",
					"sceneFileName": "models/Gate_Valve.glb"
				},
				"isPickable": false
			},
			"instances": [],
			"animations": [],
			"ranges": [],
			"layerMask": 268435455,
			"alphaIndex": 1.7976931348623157e+308,
			"hasVertexAlpha": false,
			"overlayAlpha": 0.3,
			"overlayColor": [
				1,
				0,
				0
			],
			"applyFog": true,
			"delayLoadingFile": "geometries/81b45525-33f8-40ee-bcb2-d5a1e89699ea.babylonbinarymeshdata",
			"boundingBoxMaximum": [
				0.06103837490081787,
				0.11013008654117584,
				0.05957060307264328
			],
			"boundingBoxMinimum": [
				-0.061053842306137085,
				-0.07010921835899353,
				-0.020731281489133835
			],
			"_binaryInfo": {
				"positionsAttrDesc": {
					"count": 5715,
					"stride": 3,
					"offset": 0,
					"dataType": 1
				},
				"normalsAttrDesc": {
					"count": 5715,
					"stride": 3,
					"offset": 22860,
					"dataType": 1
				},
				"uvsAttrDesc": {
					"count": 3810,
					"stride": 2,
					"offset": 45720,
					"dataType": 1
				},
				"tangetsAttrDesc": {
					"count": 7620,
					"stride": 3,
					"offset": 60960,
					"dataType": 1
				},
				"indicesAttrDesc": {
					"count": 5214,
					"stride": 1,
					"offset": 91440,
					"dataType": 0
				},
				"subMeshesAttrDesc": {
					"count": 1,
					"stride": 5,
					"offset": 112296,
					"dataType": 0
				}
			},
			"positions": null,
			"normals": null,
			"uvs": null,
			"hasUVs": true,
			"tangents": null,
			"indices": null
		}
	],
	"multiMaterials": [],
	"lods": []
}