{
	"materials": [],
	"meshes": [
		{
			"name": "DRON DL-3.001_primitive0",
			"id": "22458d65-8189-4c0d-ba4c-75a54b9a86a5",
			"uniqueId": 246,
			"type": "Mesh",
			"position": [
				0,
				0,
				0
			],
			"rotation": [
				0,
				0,
				0
			],
			"scaling": [
				1,
				1,
				1
			],
			"localMatrix": {
				"0": 1,
				"1": 0,
				"2": 0,
				"3": 0,
				"4": 0,
				"5": 1,
				"6": 0,
				"7": 0,
				"8": 0,
				"9": 0,
				"10": 1,
				"11": 0,
				"12": 0,
				"13": 0,
				"14": 0,
				"15": 1
			},
			"isEnabled": true,
			"isVisible": true,
			"infiniteDistance": false,
			"pickable": true,
			"receiveShadows": false,
			"billboardMode": 0,
			"visibility": 1,
			"checkCollisions": false,
			"isBlocker": false,
			"overrideMaterialSideOrientation": 0,
			"parentId": "1e260e7e-19b2-41f0-9318-38edd237d7a0",
			"isUnIndexed": false,
			"geometryId": "ed877208-89d6-4782-b645-1ac743b39c49",
			"subMeshes": null,
			"materialId": "1c079dad-7fcc-4c3d-a6dd-6e96e7f8596a",
			"metadata": {
				"basePoseMatrix": {
					"0": -0.008518275804817677,
					"1": -1.5309364442828155e-8,
					"2": 1.2832670037710159e-8,
					"3": 0,
					"4": -1.9637106163372664e-8,
					"5": 0.007377048023045063,
					"6": -0.004259138833731413,
					"7": 0,
					"8": 3.655542313296678e-9,
					"9": 0.004259142559021711,
					"10": 0.007377041503787041,
					"11": 0,
					"12": 0.0014584832824766636,
					"13": -0.0022873131092637777,
					"14": -0.00020894777844659984,
					"15": 1
				},
				"originalSourceFile": {
					"id": "DRON DL-3.001_primitive0",
					"name": "DRON DL-3.001_primitive0",
					"sceneFileName": "models/DroneNew.glb"
				},
				"isPickable": false,
				"script": {
					"name": "src/scenes/scripts/OutlineScript.ts",
					"properties": {
						"highlighthName": {
							"type": "string",
							"value": ""
						},
						"highlighthColor": {
							"type": "string",
							"value": "#00FFFF"
						},
						"highlightVisible": {
							"type": "boolean",
							"value": false
						},
						"sceneName": {
							"type": "string",
							"value": ""
						}
					}
				},
				"renderingGroupId": 0
			},
			"instances": [],
			"animations": [],
			"ranges": [],
			"layerMask": 268435455,
			"alphaIndex": 1.7976931348623157e+308,
			"hasVertexAlpha": true,
			"overlayAlpha": 0.3,
			"overlayColor": [
				1,
				0,
				0
			],
			"applyFog": true,
			"delayLoadingFile": "geometries/ed877208-89d6-4782-b645-1ac743b39c49.babylonbinarymeshdata",
			"boundingBoxMaximum": [
				0.001623378717340529,
				0.00048528899787925184,
				0.003006438724696636
			],
			"boundingBoxMinimum": [
				-0.0017206374322995543,
				-0.0004410854016896337,
				-0.000009935349225997925
			],
			"_binaryInfo": {
				"positionsAttrDesc": {
					"count": 12999,
					"stride": 3,
					"offset": 0,
					"dataType": 1
				},
				"normalsAttrDesc": {
					"count": 12999,
					"stride": 3,
					"offset": 51996,
					"dataType": 1
				},
				"uvsAttrDesc": {
					"count": 8666,
					"stride": 2,
					"offset": 103992,
					"dataType": 1
				},
				"uvs2AttrDesc": {
					"count": 8666,
					"stride": 2,
					"offset": 138656,
					"dataType": 1
				},
				"colorsAttrDesc": {
					"count": 17332,
					"stride": 4,
					"offset": 173320,
					"dataType": 1
				},
				"indicesAttrDesc": {
					"count": 5922,
					"stride": 1,
					"offset": 242648,
					"dataType": 0
				},
				"subMeshesAttrDesc": {
					"count": 1,
					"stride": 5,
					"offset": 266336,
					"dataType": 0
				}
			},
			"positions": null,
			"normals": null,
			"uvs": null,
			"hasUVs": true,
			"uv2s": null,
			"hasUVs2": true,
			"colors": null,
			"indices": null
		}
	],
	"multiMaterials": [],
	"lods": []
}