{
	"materials": [],
	"meshes": [
		{
			"name": "DRON DL-3.011",
			"id": "9b155196-3b2d-4414-b243-5159575f2910",
			"uniqueId": 215,
			"type": "Mesh",
			"position": [
				0,
				0,
				0
			],
			"rotationQuaternion": [
				0.057151298969984055,
				-0.704793393611908,
				-0.05715126916766167,
				0.704793393611908
			],
			"scaling": [
				2.9818239212036133,
				2.981825113296509,
				2.981823682785034
			],
			"localMatrix": {
				"0": 1,
				"1": 0,
				"2": 0,
				"3": 0,
				"4": 0,
				"5": 1,
				"6": 0,
				"7": 0,
				"8": 0,
				"9": 0,
				"10": 1,
				"11": 0,
				"12": 0,
				"13": 0,
				"14": 0,
				"15": 1
			},
			"isEnabled": true,
			"isVisible": true,
			"infiniteDistance": false,
			"pickable": true,
			"receiveShadows": false,
			"billboardMode": 0,
			"visibility": 1,
			"checkCollisions": false,
			"isBlocker": false,
			"overrideMaterialSideOrientation": 0,
			"parentId": "496c9b9f-b157-4043-adf9-33cf3e5d1624",
			"isUnIndexed": false,
			"geometryId": "35870480-bbb2-4511-97cc-11b43f306adb",
			"subMeshes": null,
			"materialId": "1c079dad-7fcc-4c3d-a6dd-6e96e7f8596a",
			"metadata": {
				"basePoseMatrix": {
					"0": -0.004885880276560783,
					"1": -6.93275339358479e-8,
					"2": 0.00697776535525918,
					"3": 0,
					"4": 6.283760711767172e-8,
					"5": 0.008518273942172527,
					"6": 1.2851704411787068e-7,
					"7": 0,
					"8": 0.00697776535525918,
					"9": -1.2499447166192112e-7,
					"10": 0.004885880742222071,
					"11": 0,
					"12": 0.0017928415909409523,
					"13": 0.00221381732262671,
					"14": -0.00020912768377456814,
					"15": 1
				},
				"originalSourceFile": {
					"id": "DRON DL-3.011",
					"name": "DRON DL-3.011",
					"sceneFileName": "models/DroneNew.glb"
				},
				"isPickable": false
			},
			"instances": [],
			"animations": [],
			"ranges": [],
			"layerMask": 268435455,
			"alphaIndex": 1.7976931348623157e+308,
			"hasVertexAlpha": true,
			"overlayAlpha": 0.3,
			"overlayColor": [
				1,
				0,
				0
			],
			"applyFog": true,
			"delayLoadingFile": "geometries/35870480-bbb2-4511-97cc-11b43f306adb.babylonbinarymeshdata",
			"boundingBoxMaximum": [
				0.0008062942652031779,
				0.00012727938883472234,
				0.00021176425798330456
			],
			"boundingBoxMinimum": [
				-0.0006516351131722331,
				-0.00022671028273180127,
				-0.00021176414156798273
			],
			"_binaryInfo": {
				"positionsAttrDesc": {
					"count": 1833,
					"stride": 3,
					"offset": 0,
					"dataType": 1
				},
				"normalsAttrDesc": {
					"count": 1833,
					"stride": 3,
					"offset": 7332,
					"dataType": 1
				},
				"uvsAttrDesc": {
					"count": 1222,
					"stride": 2,
					"offset": 14664,
					"dataType": 1
				},
				"uvs2AttrDesc": {
					"count": 1222,
					"stride": 2,
					"offset": 19552,
					"dataType": 1
				},
				"colorsAttrDesc": {
					"count": 2444,
					"stride": 4,
					"offset": 24440,
					"dataType": 1
				},
				"indicesAttrDesc": {
					"count": 648,
					"stride": 1,
					"offset": 34216,
					"dataType": 0
				},
				"subMeshesAttrDesc": {
					"count": 1,
					"stride": 5,
					"offset": 36808,
					"dataType": 0
				}
			},
			"positions": null,
			"normals": null,
			"uvs": null,
			"hasUVs": true,
			"uv2s": null,
			"hasUVs2": true,
			"colors": null,
			"indices": null
		}
	],
	"multiMaterials": [],
	"lods": []
}