{
	"materials": [],
	"meshes": [
		{
			"name": "DRON DL-3.001_primitive1",
			"id": "05b7e8a3-65c3-4bcc-b071-8b8fe165edc8",
			"uniqueId": 248,
			"type": "Mesh",
			"position": [
				0,
				0,
				0
			],
			"rotation": [
				0,
				0,
				0
			],
			"scaling": [
				1,
				1,
				1
			],
			"localMatrix": {
				"0": 1,
				"1": 0,
				"2": 0,
				"3": 0,
				"4": 0,
				"5": 1,
				"6": 0,
				"7": 0,
				"8": 0,
				"9": 0,
				"10": 1,
				"11": 0,
				"12": 0,
				"13": 0,
				"14": 0,
				"15": 1
			},
			"isEnabled": true,
			"isVisible": true,
			"infiniteDistance": false,
			"pickable": true,
			"receiveShadows": false,
			"billboardMode": 0,
			"visibility": 1,
			"checkCollisions": false,
			"isBlocker": false,
			"overrideMaterialSideOrientation": 0,
			"parentId": "1e260e7e-19b2-41f0-9318-38edd237d7a0",
			"isUnIndexed": false,
			"geometryId": "eea289fe-3625-44b3-bb71-ebff68ba5da0",
			"subMeshes": null,
			"materialId": "81646a89-2ca3-474f-887e-c3d72c371ea1",
			"metadata": {
				"basePoseMatrix": {
					"0": -0.008518275804817677,
					"1": -1.5309364442828155e-8,
					"2": 1.2832670037710159e-8,
					"3": 0,
					"4": -1.9637106163372664e-8,
					"5": 0.007377048023045063,
					"6": -0.004259138833731413,
					"7": 0,
					"8": 3.655542313296678e-9,
					"9": 0.004259142559021711,
					"10": 0.007377041503787041,
					"11": 0,
					"12": 0.0014584832824766636,
					"13": -0.0022873131092637777,
					"14": -0.00020894777844659984,
					"15": 1
				},
				"originalSourceFile": {
					"id": "DRON DL-3.001_primitive1",
					"name": "DRON DL-3.001_primitive1",
					"sceneFileName": "models/DroneNew.glb"
				},
				"isPickable": false
			},
			"instances": [],
			"animations": [],
			"ranges": [],
			"layerMask": 268435455,
			"alphaIndex": 1.7976931348623157e+308,
			"hasVertexAlpha": true,
			"overlayAlpha": 0.3,
			"overlayColor": [
				1,
				0,
				0
			],
			"applyFog": true,
			"delayLoadingFile": "geometries/eea289fe-3625-44b3-bb71-ebff68ba5da0.babylonbinarymeshdata",
			"boundingBoxMaximum": [
				0.0013956951443105936,
				0.000050670187192736194,
				0.0028012816328555346
			],
			"boundingBoxMinimum": [
				-0.001317939255386591,
				-0.0001938647765200585,
				0.00035612983629107475
			],
			"_binaryInfo": {
				"positionsAttrDesc": {
					"count": 768,
					"stride": 3,
					"offset": 0,
					"dataType": 1
				},
				"normalsAttrDesc": {
					"count": 768,
					"stride": 3,
					"offset": 3072,
					"dataType": 1
				},
				"uvsAttrDesc": {
					"count": 512,
					"stride": 2,
					"offset": 6144,
					"dataType": 1
				},
				"uvs2AttrDesc": {
					"count": 512,
					"stride": 2,
					"offset": 8192,
					"dataType": 1
				},
				"colorsAttrDesc": {
					"count": 1024,
					"stride": 4,
					"offset": 10240,
					"dataType": 1
				},
				"indicesAttrDesc": {
					"count": 384,
					"stride": 1,
					"offset": 14336,
					"dataType": 0
				},
				"subMeshesAttrDesc": {
					"count": 1,
					"stride": 5,
					"offset": 15872,
					"dataType": 0
				}
			},
			"positions": null,
			"normals": null,
			"uvs": null,
			"hasUVs": true,
			"uv2s": null,
			"hasUVs2": true,
			"colors": null,
			"indices": null
		}
	],
	"multiMaterials": [],
	"lods": []
}