{
	"materials": [],
	"meshes": [
		{
			"name": "DRON DL-3.007_primitive2",
			"id": "bb8401ab-aa3b-4ed4-aa7d-a41f57051535",
			"uniqueId": 186,
			"type": "Mesh",
			"position": [
				0,
				0,
				0
			],
			"rotation": [
				0,
				0,
				0
			],
			"scaling": [
				1,
				1,
				1
			],
			"localMatrix": {
				"0": 1,
				"1": 0,
				"2": 0,
				"3": 0,
				"4": 0,
				"5": 1,
				"6": 0,
				"7": 0,
				"8": 0,
				"9": 0,
				"10": 1,
				"11": 0,
				"12": 0,
				"13": 0,
				"14": 0,
				"15": 1
			},
			"isEnabled": true,
			"isVisible": true,
			"infiniteDistance": false,
			"pickable": true,
			"receiveShadows": false,
			"billboardMode": 0,
			"visibility": 1,
			"checkCollisions": false,
			"isBlocker": false,
			"overrideMaterialSideOrientation": 0,
			"parentId": "d4985b6b-8a37-45aa-9c4f-ad48432f3dea",
			"isUnIndexed": false,
			"geometryId": "ef3c98a1-d6d2-43a8-82c1-d1f9d0c7f726",
			"subMeshes": null,
			"materialId": "da42983a-9aa9-4488-a02e-a2b0e297b9f9",
			"metadata": {
				"basePoseMatrix": {
					"0": -0.008518275804817677,
					"1": 0,
					"2": 0,
					"3": 0,
					"4": 0,
					"5": 0.008518277667462826,
					"6": -1.4360740374641523e-9,
					"7": 0,
					"8": 0,
					"9": 1.4360740374641523e-9,
					"10": 0.008518277667462826,
					"11": 0,
					"12": 0,
					"13": 0,
					"14": 0,
					"15": 1
				},
				"originalSourceFile": {
					"id": "DRON DL-3.007_primitive2",
					"name": "DRON DL-3.007_primitive2",
					"sceneFileName": "models/DroneNew.glb"
				},
				"isPickable": false
			},
			"instances": [],
			"animations": [],
			"ranges": [],
			"layerMask": 268435455,
			"alphaIndex": 1.7976931348623157e+308,
			"hasVertexAlpha": true,
			"overlayAlpha": 0.3,
			"overlayColor": [
				1,
				0,
				0
			],
			"applyFog": true,
			"delayLoadingFile": "geometries/ef3c98a1-d6d2-43a8-82c1-d1f9d0c7f726.babylonbinarymeshdata",
			"boundingBoxMaximum": [
				0.0005575285758823156,
				0.00043942072079516947,
				0.001019504969008267
			],
			"boundingBoxMinimum": [
				-0.00043914892012253404,
				-0.0006028848583810031,
				-0.001019504969008267
			],
			"_binaryInfo": {
				"positionsAttrDesc": {
					"count": 84,
					"stride": 3,
					"offset": 0,
					"dataType": 1
				},
				"normalsAttrDesc": {
					"count": 84,
					"stride": 3,
					"offset": 336,
					"dataType": 1
				},
				"uvsAttrDesc": {
					"count": 56,
					"stride": 2,
					"offset": 672,
					"dataType": 1
				},
				"uvs2AttrDesc": {
					"count": 56,
					"stride": 2,
					"offset": 896,
					"dataType": 1
				},
				"colorsAttrDesc": {
					"count": 112,
					"stride": 4,
					"offset": 1120,
					"dataType": 1
				},
				"indicesAttrDesc": {
					"count": 72,
					"stride": 1,
					"offset": 1568,
					"dataType": 0
				},
				"subMeshesAttrDesc": {
					"count": 1,
					"stride": 5,
					"offset": 1856,
					"dataType": 0
				}
			},
			"positions": null,
			"normals": null,
			"uvs": null,
			"hasUVs": true,
			"uv2s": null,
			"hasUVs2": true,
			"colors": null,
			"indices": null
		}
	],
	"multiMaterials": [],
	"lods": []
}