{
	"materials": [],
	"meshes": [
		{
			"name": "DRON DL-3.007_primitive3",
			"id": "7c801ee6-2958-4dfc-8848-b42b498c9a4a",
			"uniqueId": 189,
			"type": "Mesh",
			"position": [
				0,
				0,
				0
			],
			"rotation": [
				0,
				0,
				0
			],
			"scaling": [
				1,
				1,
				1
			],
			"localMatrix": {
				"0": 1,
				"1": 0,
				"2": 0,
				"3": 0,
				"4": 0,
				"5": 1,
				"6": 0,
				"7": 0,
				"8": 0,
				"9": 0,
				"10": 1,
				"11": 0,
				"12": 0,
				"13": 0,
				"14": 0,
				"15": 1
			},
			"isEnabled": true,
			"isVisible": true,
			"infiniteDistance": false,
			"pickable": true,
			"receiveShadows": false,
			"billboardMode": 0,
			"visibility": 1,
			"checkCollisions": false,
			"isBlocker": false,
			"overrideMaterialSideOrientation": 0,
			"parentId": "d4985b6b-8a37-45aa-9c4f-ad48432f3dea",
			"isUnIndexed": false,
			"geometryId": "9884d2de-7d25-44d1-906f-a720f28b6660",
			"subMeshes": null,
			"materialId": "814a87cb-d884-47d8-a5b1-09c1c1537e16",
			"metadata": {
				"basePoseMatrix": {
					"0": -0.008518275804817677,
					"1": 0,
					"2": 0,
					"3": 0,
					"4": 0,
					"5": 0.008518277667462826,
					"6": -1.4360740374641523e-9,
					"7": 0,
					"8": 0,
					"9": 1.4360740374641523e-9,
					"10": 0.008518277667462826,
					"11": 0,
					"12": 0,
					"13": 0,
					"14": 0,
					"15": 1
				},
				"originalSourceFile": {
					"id": "DRON DL-3.007_primitive3",
					"name": "DRON DL-3.007_primitive3",
					"sceneFileName": "models/DroneNew.glb"
				},
				"isPickable": false
			},
			"instances": [],
			"animations": [],
			"ranges": [],
			"layerMask": 268435455,
			"alphaIndex": 1.7976931348623157e+308,
			"hasVertexAlpha": true,
			"overlayAlpha": 0.5,
			"overlayColor": [
				1,
				0,
				0
			],
			"applyFog": true,
			"delayLoadingFile": "geometries/9884d2de-7d25-44d1-906f-a720f28b6660.babylonbinarymeshdata",
			"boundingBoxMaximum": [
				0.00047549817827530205,
				0.0003359287802595645,
				0.000981244258582592
			],
			"boundingBoxMinimum": [
				-0.00039868304156698287,
				-0.0005793856689706445,
				-0.000981244258582592
			],
			"_binaryInfo": {
				"positionsAttrDesc": {
					"count": 210,
					"stride": 3,
					"offset": 0,
					"dataType": 1
				},
				"normalsAttrDesc": {
					"count": 210,
					"stride": 3,
					"offset": 840,
					"dataType": 1
				},
				"uvsAttrDesc": {
					"count": 140,
					"stride": 2,
					"offset": 1680,
					"dataType": 1
				},
				"uvs2AttrDesc": {
					"count": 140,
					"stride": 2,
					"offset": 2240,
					"dataType": 1
				},
				"colorsAttrDesc": {
					"count": 280,
					"stride": 4,
					"offset": 2800,
					"dataType": 1
				},
				"indicesAttrDesc": {
					"count": 72,
					"stride": 1,
					"offset": 3920,
					"dataType": 0
				},
				"subMeshesAttrDesc": {
					"count": 1,
					"stride": 5,
					"offset": 4208,
					"dataType": 0
				}
			},
			"positions": null,
			"normals": null,
			"uvs": null,
			"hasUVs": true,
			"uv2s": null,
			"hasUVs2": true,
			"colors": null,
			"indices": null
		}
	],
	"multiMaterials": [],
	"lods": []
}