{
	"materials": [],
	"meshes": [
		{
			"name": "DRON DL-3.006",
			"id": "e05fe39d-f653-441b-8b03-e104b9a0df58",
			"uniqueId": 239,
			"type": "Mesh",
			"position": [
				0,
				0,
				0
			],
			"rotationQuaternion": [
				0,
				-0.9908693432807922,
				0.13482561707496643,
				-6.402904517699426e-8
			],
			"scaling": [
				2.981823682785034,
				2.9818224906921387,
				2.9818248748779297
			],
			"localMatrix": {
				"0": 1,
				"1": 0,
				"2": 0,
				"3": 0,
				"4": 0,
				"5": 1,
				"6": 0,
				"7": 0,
				"8": 0,
				"9": 0,
				"10": 1,
				"11": 0,
				"12": 0,
				"13": 0,
				"14": 0,
				"15": 1
			},
			"isEnabled": true,
			"isVisible": true,
			"infiniteDistance": false,
			"pickable": true,
			"receiveShadows": false,
			"billboardMode": 0,
			"visibility": 1,
			"checkCollisions": false,
			"isBlocker": false,
			"overrideMaterialSideOrientation": 0,
			"parentId": "177ff790-4123-49d0-9e1f-df2fefb65143",
			"isUnIndexed": false,
			"geometryId": "b788743a-f45c-41d9-9834-12d8b0d2e089",
			"subMeshes": null,
			"materialId": "1c079dad-7fcc-4c3d-a6dd-6e96e7f8596a",
			"metadata": {
				"basePoseMatrix": {
					"0": -0.008518275804817677,
					"1": -1.056061460502633e-8,
					"2": -1.52237547013101e-8,
					"3": 0,
					"4": -1.8222999997874467e-8,
					"5": 0.0035999820102006197,
					"6": 0.007720176596194506,
					"7": 0,
					"8": 3.3341258642849425e-9,
					"9": -0.007720183581113815,
					"10": 0.003599979914724827,
					"11": 0,
					"12": 0.0014467710861936212,
					"13": 0.0003358097455929965,
					"14": -0.001553896116092801,
					"15": 1
				},
				"originalSourceFile": {
					"id": "DRON DL-3.006",
					"name": "DRON DL-3.006",
					"sceneFileName": "models/DroneNew.glb"
				},
				"isPickable": false
			},
			"instances": [],
			"animations": [],
			"ranges": [],
			"layerMask": 268435455,
			"alphaIndex": 1.7976931348623157e+308,
			"hasVertexAlpha": true,
			"overlayAlpha": 0.3,
			"overlayColor": [
				1,
				0,
				0
			],
			"applyFog": true,
			"delayLoadingFile": "geometries/b788743a-f45c-41d9-9834-12d8b0d2e089.babylonbinarymeshdata",
			"boundingBoxMaximum": [
				0.00043058127630501986,
				0.00030762396636419,
				0.0008277843589894474
			],
			"boundingBoxMinimum": [
				-0.0004305811016820371,
				-0.0001075474065146409,
				-0.00010180818208027631
			],
			"_binaryInfo": {
				"positionsAttrDesc": {
					"count": 1398,
					"stride": 3,
					"offset": 0,
					"dataType": 1
				},
				"normalsAttrDesc": {
					"count": 1398,
					"stride": 3,
					"offset": 5592,
					"dataType": 1
				},
				"uvsAttrDesc": {
					"count": 932,
					"stride": 2,
					"offset": 11184,
					"dataType": 1
				},
				"uvs2AttrDesc": {
					"count": 932,
					"stride": 2,
					"offset": 14912,
					"dataType": 1
				},
				"colorsAttrDesc": {
					"count": 1864,
					"stride": 4,
					"offset": 18640,
					"dataType": 1
				},
				"indicesAttrDesc": {
					"count": 492,
					"stride": 1,
					"offset": 26096,
					"dataType": 0
				},
				"subMeshesAttrDesc": {
					"count": 1,
					"stride": 5,
					"offset": 28064,
					"dataType": 0
				}
			},
			"positions": null,
			"normals": null,
			"uvs": null,
			"hasUVs": true,
			"uv2s": null,
			"hasUVs2": true,
			"colors": null,
			"indices": null
		}
	],
	"multiMaterials": [],
	"lods": []
}