{
	"materials": [],
	"meshes": [
		{
			"name": "DRON DL-3.007_primitive1",
			"id": "8c23a9f3-1d1f-414b-84c8-6694443b8108",
			"uniqueId": 183,
			"type": "Mesh",
			"position": [
				0,
				0,
				0
			],
			"rotation": [
				0,
				0,
				0
			],
			"scaling": [
				1,
				1,
				1
			],
			"localMatrix": {
				"0": 1,
				"1": 0,
				"2": 0,
				"3": 0,
				"4": 0,
				"5": 1,
				"6": 0,
				"7": 0,
				"8": 0,
				"9": 0,
				"10": 1,
				"11": 0,
				"12": 0,
				"13": 0,
				"14": 0,
				"15": 1
			},
			"isEnabled": true,
			"isVisible": true,
			"infiniteDistance": false,
			"pickable": true,
			"receiveShadows": false,
			"billboardMode": 0,
			"visibility": 1,
			"checkCollisions": false,
			"isBlocker": false,
			"overrideMaterialSideOrientation": 0,
			"parentId": "d4985b6b-8a37-45aa-9c4f-ad48432f3dea",
			"isUnIndexed": false,
			"geometryId": "35600770-cca8-45c3-98a0-d8b8c93f33d0",
			"subMeshes": null,
			"materialId": "96a3cddc-7f7b-40f4-9f9e-47c85fc3198f",
			"metadata": {
				"basePoseMatrix": {
					"0": -0.008518275804817677,
					"1": 0,
					"2": 0,
					"3": 0,
					"4": 0,
					"5": 0.008518277667462826,
					"6": -1.4360740374641523e-9,
					"7": 0,
					"8": 0,
					"9": 1.4360740374641523e-9,
					"10": 0.008518277667462826,
					"11": 0,
					"12": 0,
					"13": 0,
					"14": 0,
					"15": 1
				},
				"originalSourceFile": {
					"id": "DRON DL-3.007_primitive1",
					"name": "DRON DL-3.007_primitive1",
					"sceneFileName": "models/DroneNew.glb"
				},
				"isPickable": false
			},
			"instances": [],
			"animations": [],
			"ranges": [],
			"layerMask": 268435455,
			"alphaIndex": 1.7976931348623157e+308,
			"hasVertexAlpha": true,
			"overlayAlpha": 0.3,
			"overlayColor": [
				1,
				0,
				0
			],
			"applyFog": true,
			"delayLoadingFile": "geometries/35600770-cca8-45c3-98a0-d8b8c93f33d0.babylonbinarymeshdata",
			"boundingBoxMaximum": [
				0.0024115517735481262,
				0.0003187845286447555,
				0.00015995644207578152
			],
			"boundingBoxMinimum": [
				0.00191582296974957,
				-0.0014124803710728884,
				-0.0001599989627720788
			],
			"_binaryInfo": {
				"positionsAttrDesc": {
					"count": 7497,
					"stride": 3,
					"offset": 0,
					"dataType": 1
				},
				"normalsAttrDesc": {
					"count": 7497,
					"stride": 3,
					"offset": 29988,
					"dataType": 1
				},
				"uvsAttrDesc": {
					"count": 4998,
					"stride": 2,
					"offset": 59976,
					"dataType": 1
				},
				"uvs2AttrDesc": {
					"count": 4998,
					"stride": 2,
					"offset": 79968,
					"dataType": 1
				},
				"colorsAttrDesc": {
					"count": 9996,
					"stride": 4,
					"offset": 99960,
					"dataType": 1
				},
				"indicesAttrDesc": {
					"count": 13824,
					"stride": 1,
					"offset": 139944,
					"dataType": 0
				},
				"subMeshesAttrDesc": {
					"count": 1,
					"stride": 5,
					"offset": 195240,
					"dataType": 0
				}
			},
			"positions": null,
			"normals": null,
			"uvs": null,
			"hasUVs": true,
			"uv2s": null,
			"hasUVs2": true,
			"colors": null,
			"indices": null
		}
	],
	"multiMaterials": [],
	"lods": []
}