{
	"materials": [],
	"meshes": [
		{
			"name": "DRON DL-3.002_primitive2",
			"id": "fc5e2433-b444-4618-bb17-ee5e463d9550",
			"uniqueId": 233,
			"type": "Mesh",
			"position": [
				0,
				0,
				0
			],
			"rotation": [
				0,
				0,
				0
			],
			"scaling": [
				1,
				1,
				1
			],
			"localMatrix": {
				"0": 1,
				"1": 0,
				"2": 0,
				"3": 0,
				"4": 0,
				"5": 1,
				"6": 0,
				"7": 0,
				"8": 0,
				"9": 0,
				"10": 1,
				"11": 0,
				"12": 0,
				"13": 0,
				"14": 0,
				"15": 1
			},
			"isEnabled": true,
			"isVisible": true,
			"infiniteDistance": false,
			"pickable": true,
			"receiveShadows": false,
			"billboardMode": 0,
			"visibility": 1,
			"checkCollisions": false,
			"isBlocker": false,
			"overrideMaterialSideOrientation": 0,
			"parentId": "bac92e56-495a-43a1-80d0-2b81945f6c5d",
			"isUnIndexed": false,
			"geometryId": "e002b835-2bf4-4f35-800b-a3205ef771b7",
			"subMeshes": null,
			"materialId": "5d2bc38d-0441-41e0-8e4e-4702b8285a9c",
			"metadata": {
				"basePoseMatrix": {
					"0": -0.008518277667462826,
					"1": -3.4109239877011532e-9,
					"2": -1.5628895955188682e-9,
					"3": 0,
					"4": -3.022678773945131e-9,
					"5": 0.007377046626061201,
					"6": 0.004259134642779827,
					"7": 0,
					"8": 4.4404005472564734e-10,
					"9": -0.004259137436747551,
					"10": 0.007377040572464466,
					"11": 0,
					"12": 0.0014584813034161925,
					"13": -0.0022873145062476397,
					"14": 0.00020894530462101102,
					"15": 1
				},
				"originalSourceFile": {
					"id": "DRON DL-3.002_primitive2",
					"name": "DRON DL-3.002_primitive2",
					"sceneFileName": "models/DroneNew.glb"
				},
				"isPickable": false,
				"script": {
					"name": "None"
				},
				"renderingGroupId": 0
			},
			"instances": [],
			"animations": [],
			"ranges": [],
			"layerMask": 268435455,
			"alphaIndex": 1.7976931348623157e+308,
			"hasVertexAlpha": true,
			"overlayAlpha": 0.5,
			"overlayColor": [
				1,
				0,
				0
			],
			"applyFog": true,
			"delayLoadingFile": "geometries/e002b835-2bf4-4f35-800b-a3205ef771b7.babylonbinarymeshdata",
			"boundingBoxMaximum": [
				-0.000965404324233532,
				-0.00005427085125120357,
				-0.0010637097293511033
			],
			"boundingBoxMinimum": [
				-0.0016696072416380048,
				-0.00009933314868248999,
				-0.002797195687890053
			],
			"_binaryInfo": {
				"positionsAttrDesc": {
					"count": 84,
					"stride": 3,
					"offset": 0,
					"dataType": 1
				},
				"normalsAttrDesc": {
					"count": 84,
					"stride": 3,
					"offset": 336,
					"dataType": 1
				},
				"uvsAttrDesc": {
					"count": 56,
					"stride": 2,
					"offset": 672,
					"dataType": 1
				},
				"uvs2AttrDesc": {
					"count": 56,
					"stride": 2,
					"offset": 896,
					"dataType": 1
				},
				"colorsAttrDesc": {
					"count": 112,
					"stride": 4,
					"offset": 1120,
					"dataType": 1
				},
				"indicesAttrDesc": {
					"count": 42,
					"stride": 1,
					"offset": 1568,
					"dataType": 0
				},
				"subMeshesAttrDesc": {
					"count": 1,
					"stride": 5,
					"offset": 1736,
					"dataType": 0
				}
			},
			"positions": null,
			"normals": null,
			"uvs": null,
			"hasUVs": true,
			"uv2s": null,
			"hasUVs2": true,
			"colors": null,
			"indices": null
		}
	],
	"multiMaterials": [],
	"lods": []
}